-- phpMyAdmin SQL Dump
-- version 5.2.0
-- https://www.phpmyadmin.net/
--
-- Host: 127.0.0.1
-- Waktu pembuatan: 15 Des 2022 pada 15.27
-- Versi server: 10.4.24-MariaDB
-- Versi PHP: 8.0.19

SET SQL_MODE = "NO_AUTO_VALUE_ON_ZERO";
START TRANSACTION;
SET time_zone = "+00:00";


/*!40101 SET @OLD_CHARACTER_SET_CLIENT=@@CHARACTER_SET_CLIENT */;
/*!40101 SET @OLD_CHARACTER_SET_RESULTS=@@CHARACTER_SET_RESULTS */;
/*!40101 SET @OLD_COLLATION_CONNECTION=@@COLLATION_CONNECTION */;
/*!40101 SET NAMES utf8mb4 */;

--
-- Database: `orderingappsfix`
--

-- --------------------------------------------------------

--
-- Struktur dari tabel `categories`
--

CREATE TABLE `categories` (
  `id` bigint(20) UNSIGNED NOT NULL,
  `name` varchar(255) COLLATE utf8mb4_unicode_ci NOT NULL,
  `slug` varchar(255) COLLATE utf8mb4_unicode_ci NOT NULL,
  `cover` text COLLATE utf8mb4_unicode_ci DEFAULT NULL,
  `category_id` bigint(20) UNSIGNED DEFAULT NULL,
  `created_at` timestamp NULL DEFAULT NULL,
  `updated_at` timestamp NULL DEFAULT NULL
) ENGINE=InnoDB DEFAULT CHARSET=utf8mb4 COLLATE=utf8mb4_unicode_ci;

--
-- Dumping data untuk tabel `categories`
--

INSERT INTO `categories` (`id`, `name`, `slug`, `cover`, `category_id`, `created_at`, `updated_at`) VALUES
(3, 'Food', 'food', NULL, NULL, '2022-12-14 04:51:35', '2022-12-14 05:11:37'),
(9, 'Ada', 'ada', NULL, 9, '2022-12-15 02:15:25', '2022-12-15 02:24:05');

-- --------------------------------------------------------

--
-- Struktur dari tabel `failed_jobs`
--

CREATE TABLE `failed_jobs` (
  `id` bigint(20) UNSIGNED NOT NULL,
  `uuid` varchar(255) COLLATE utf8mb4_unicode_ci NOT NULL,
  `connection` text COLLATE utf8mb4_unicode_ci NOT NULL,
  `queue` text COLLATE utf8mb4_unicode_ci NOT NULL,
  `payload` longtext COLLATE utf8mb4_unicode_ci NOT NULL,
  `exception` longtext COLLATE utf8mb4_unicode_ci NOT NULL,
  `failed_at` timestamp NOT NULL DEFAULT current_timestamp()
) ENGINE=InnoDB DEFAULT CHARSET=utf8mb4 COLLATE=utf8mb4_unicode_ci;

-- --------------------------------------------------------

--
-- Struktur dari tabel `media`
--

CREATE TABLE `media` (
  `id` bigint(20) UNSIGNED NOT NULL,
  `model_type` varchar(255) COLLATE utf8mb4_unicode_ci NOT NULL,
  `model_id` bigint(20) UNSIGNED NOT NULL,
  `uuid` char(36) COLLATE utf8mb4_unicode_ci DEFAULT NULL,
  `collection_name` varchar(255) COLLATE utf8mb4_unicode_ci NOT NULL,
  `name` varchar(255) COLLATE utf8mb4_unicode_ci NOT NULL,
  `file_name` varchar(255) COLLATE utf8mb4_unicode_ci NOT NULL,
  `mime_type` varchar(255) COLLATE utf8mb4_unicode_ci DEFAULT NULL,
  `disk` varchar(255) COLLATE utf8mb4_unicode_ci NOT NULL,
  `conversions_disk` varchar(255) COLLATE utf8mb4_unicode_ci DEFAULT NULL,
  `size` bigint(20) UNSIGNED NOT NULL,
  `manipulations` longtext CHARACTER SET utf8mb4 COLLATE utf8mb4_bin NOT NULL CHECK (json_valid(`manipulations`)),
  `custom_properties` longtext CHARACTER SET utf8mb4 COLLATE utf8mb4_bin NOT NULL CHECK (json_valid(`custom_properties`)),
  `generated_conversions` longtext CHARACTER SET utf8mb4 COLLATE utf8mb4_bin NOT NULL CHECK (json_valid(`generated_conversions`)),
  `responsive_images` longtext CHARACTER SET utf8mb4 COLLATE utf8mb4_bin NOT NULL CHECK (json_valid(`responsive_images`)),
  `order_column` int(10) UNSIGNED DEFAULT NULL,
  `created_at` timestamp NULL DEFAULT NULL,
  `updated_at` timestamp NULL DEFAULT NULL
) ENGINE=InnoDB DEFAULT CHARSET=utf8mb4 COLLATE=utf8mb4_unicode_ci;

--
-- Dumping data untuk tabel `media`
--

INSERT INTO `media` (`id`, `model_type`, `model_id`, `uuid`, `collection_name`, `name`, `file_name`, `mime_type`, `disk`, `conversions_disk`, `size`, `manipulations`, `custom_properties`, `generated_conversions`, `responsive_images`, `order_column`, `created_at`, `updated_at`) VALUES
(2, 'App\\Models\\Product', 1, '714544af-cd51-41ec-baee-97f662c452f0', 'gallery', '6399c1c0376a2_mqdefault', '6399c1c0376a2_mqdefault.jpg', 'image/jpeg', 'public', 'public', 5222, '[]', '[]', '[]', '[]', 1, '2022-12-14 04:30:10', '2022-12-14 04:30:10'),
(4, 'App\\Models\\Category', 3, '79693504-d9a7-45e9-8f05-56ecb39d3878', 'photo', '6399c6d59b2ca_amirali-mirhashemian-jh5XyK4Rr3Y-unsplash', '6399c6d59b2ca_amirali-mirhashemian-jh5XyK4Rr3Y-unsplash.jpg', 'image/jpeg', 'public', 'public', 2428728, '[]', '[]', '[]', '[]', 1, '2022-12-14 04:51:35', '2022-12-14 04:51:35'),
(33, 'App\\Models\\Product', 2, 'd80a4bad-9b2b-49bd-a1e1-7cf94ba8b8a1', 'gallery', '639a228621b99_product-5', '639a228621b99_product-5.jpg', 'image/jpeg', 'public', 'public', 25672, '[]', '[]', '[]', '[]', 1, '2022-12-14 11:22:47', '2022-12-14 11:22:47'),
(34, 'App\\Models\\Product', 3, '31a230cd-7393-43bd-90dc-a0f74ab0e907', 'gallery', '639a22a45fd93_product-11', '639a22a45fd93_product-11.jpg', 'image/jpeg', 'public', 'public', 15137, '[]', '[]', '[]', '[]', 1, '2022-12-14 11:23:18', '2022-12-14 11:23:18'),
(35, 'App\\Models\\Product', 6, '3488b06c-639c-4da1-bf08-2b509a92d5de', 'gallery', '639a22ce9289e_pd-3', '639a22ce9289e_pd-3.jpg', 'image/jpeg', 'public', 'public', 16321, '[]', '[]', '[]', '[]', 1, '2022-12-14 11:24:00', '2022-12-14 11:24:00'),
(36, 'App\\Models\\Product', 4, '020e82a1-1233-4e51-b63b-99d79cb85029', 'gallery', '639a22fc77d1a_product-4', '639a22fc77d1a_product-4.jpg', 'image/jpeg', 'public', 'public', 27578, '[]', '[]', '[]', '[]', 1, '2022-12-14 11:24:45', '2022-12-14 11:24:45'),
(37, 'App\\Models\\Product', 5, 'c2f157fd-d75d-4080-ab7d-46b48fc3cbb4', 'gallery', '639a2310dcd3d_product-1', '639a2310dcd3d_product-1.jpg', 'image/jpeg', 'public', 'public', 18644, '[]', '[]', '[]', '[]', 1, '2022-12-14 11:25:06', '2022-12-14 11:25:06'),
(39, 'App\\Models\\Product', 7, '979d5554-9f8c-4081-ab35-9bff98cc365f', 'gallery', '639a23613f321_product-8', '639a23613f321_product-8.jpg', 'image/jpeg', 'public', 'public', 19690, '[]', '[]', '[]', '[]', 1, '2022-12-14 11:26:39', '2022-12-14 11:26:39'),
(40, 'App\\Models\\Product', 8, '9b5dcfb2-dc31-4431-912a-42151914d68e', 'gallery', '639a23823bf6c_product-3', '639a23823bf6c_product-3.jpg', 'image/jpeg', 'public', 'public', 22025, '[]', '[]', '[]', '[]', 1, '2022-12-14 11:27:14', '2022-12-14 11:27:14'),
(41, 'App\\Models\\Product', 9, '58599aff-c4a0-48c3-ad57-d8de6b5430c3', 'gallery', '639a239f0fe48_product-2', '639a239f0fe48_product-2.jpg', 'image/jpeg', 'public', 'public', 16646, '[]', '[]', '[]', '[]', 1, '2022-12-14 11:27:39', '2022-12-14 11:27:39'),
(42, 'App\\Models\\Product', 12, 'b107f31d-7e3c-448b-b95b-707b40c5906d', 'gallery', '639a23c5c1dd0_pd-4', '639a23c5c1dd0_pd-4.jpg', 'image/jpeg', 'public', 'public', 19162, '[]', '[]', '[]', '[]', 1, '2022-12-14 11:28:35', '2022-12-14 11:28:35'),
(43, 'App\\Models\\Category', 9, '9ffb6cf7-b19a-4560-9c2f-31b05fa47a35', 'photo', '639af3bad6cff_pd-6', '639af3bad6cff_pd-6.jpg', 'image/jpeg', 'public', 'public', 27578, '[]', '[]', '[]', '[]', 1, '2022-12-15 02:15:25', '2022-12-15 02:15:25'),
(44, 'App\\Models\\Product', 13, 'be303ff4-572c-4dca-82c1-256815d82e6c', 'gallery', '639af3fcbf1bd_8 private islands that cost as low as $20 per night—if you bring your friends', '639af3fcbf1bd_8-private-islands-that-cost-as-low-as-$20-per-night—if-you-bring-your-friends.jpg', 'image/jpeg', 'public', 'public', 281735, '[]', '[]', '[]', '[]', 1, '2022-12-15 02:16:31', '2022-12-15 02:16:31');

-- --------------------------------------------------------

--
-- Struktur dari tabel `migrations`
--

CREATE TABLE `migrations` (
  `id` int(10) UNSIGNED NOT NULL,
  `migration` varchar(255) COLLATE utf8mb4_unicode_ci NOT NULL,
  `batch` int(11) NOT NULL
) ENGINE=InnoDB DEFAULT CHARSET=utf8mb4 COLLATE=utf8mb4_unicode_ci;

--
-- Dumping data untuk tabel `migrations`
--

INSERT INTO `migrations` (`id`, `migration`, `batch`) VALUES
(1, '2014_10_12_000000_create_users_table', 1),
(2, '2014_10_12_100000_create_password_resets_table', 1),
(3, '2019_08_19_000000_create_failed_jobs_table', 1),
(4, '2019_12_14_000001_create_personal_access_tokens_table', 1),
(5, '2022_03_30_011648_create_categories_table', 1),
(6, '2022_04_19_071658_create_media_table', 1),
(7, '2022_04_27_063355_create_tags_table', 1),
(8, '2022_04_28_210054_create_products_table', 1),
(9, '2022_05_05_055458_create_product_tag_table', 1),
(10, '2022_08_15_055828_create_orders_table', 1),
(11, '2022_08_16_053218_create_order_items_table', 1),
(12, '2022_08_16_053450_create_shipments_table', 1),
(13, '2022_08_16_053945_create_payments_table', 1);

-- --------------------------------------------------------

--
-- Struktur dari tabel `orders`
--

CREATE TABLE `orders` (
  `id` bigint(20) UNSIGNED NOT NULL,
  `user_id` bigint(20) UNSIGNED DEFAULT NULL,
  `code` varchar(255) COLLATE utf8mb4_unicode_ci NOT NULL,
  `status` varchar(255) COLLATE utf8mb4_unicode_ci NOT NULL,
  `order_date` datetime NOT NULL,
  `payment_due` datetime NOT NULL,
  `payment_status` varchar(255) COLLATE utf8mb4_unicode_ci NOT NULL,
  `payment_token` varchar(255) COLLATE utf8mb4_unicode_ci DEFAULT NULL,
  `payment_url` varchar(255) COLLATE utf8mb4_unicode_ci DEFAULT NULL,
  `base_total_price` decimal(16,2) NOT NULL DEFAULT 0.00,
  `tax_amount` decimal(16,2) NOT NULL DEFAULT 0.00,
  `tax_percent` decimal(16,2) NOT NULL DEFAULT 0.00,
  `discount_amount` decimal(16,2) NOT NULL DEFAULT 0.00,
  `discount_percent` decimal(16,2) NOT NULL DEFAULT 0.00,
  `shipping_cost` decimal(16,2) NOT NULL DEFAULT 0.00,
  `grand_total` decimal(16,2) NOT NULL DEFAULT 0.00,
  `notes` text COLLATE utf8mb4_unicode_ci DEFAULT NULL,
  `customer_first_name` varchar(255) COLLATE utf8mb4_unicode_ci NOT NULL,
  `customer_address` varchar(255) COLLATE utf8mb4_unicode_ci DEFAULT NULL,
  `customer_address2` varchar(255) COLLATE utf8mb4_unicode_ci DEFAULT NULL,
  `customer_phone` varchar(255) COLLATE utf8mb4_unicode_ci DEFAULT NULL,
  `customer_email` varchar(255) COLLATE utf8mb4_unicode_ci DEFAULT NULL,
  `customer_city_id` varchar(255) COLLATE utf8mb4_unicode_ci DEFAULT NULL,
  `customer_province_id` varchar(255) COLLATE utf8mb4_unicode_ci DEFAULT NULL,
  `customer_postcode` int(11) DEFAULT NULL,
  `shipping_courier` varchar(255) COLLATE utf8mb4_unicode_ci DEFAULT NULL,
  `shipping_service_name` varchar(255) COLLATE utf8mb4_unicode_ci DEFAULT NULL,
  `approved_by` bigint(20) UNSIGNED DEFAULT NULL,
  `approved_at` datetime DEFAULT NULL,
  `cancelled_by` bigint(20) UNSIGNED DEFAULT NULL,
  `cancelled_at` datetime DEFAULT NULL,
  `cancellation_note` text COLLATE utf8mb4_unicode_ci DEFAULT NULL,
  `created_at` timestamp NULL DEFAULT NULL,
  `updated_at` timestamp NULL DEFAULT NULL,
  `deleted_at` timestamp NULL DEFAULT NULL
) ENGINE=InnoDB DEFAULT CHARSET=utf8mb4 COLLATE=utf8mb4_unicode_ci;

-- --------------------------------------------------------

--
-- Struktur dari tabel `order_items`
--

CREATE TABLE `order_items` (
  `id` bigint(20) UNSIGNED NOT NULL,
  `qty` int(11) NOT NULL,
  `base_price` decimal(16,2) NOT NULL DEFAULT 0.00,
  `base_total` decimal(16,2) NOT NULL DEFAULT 0.00,
  `tax_amount` decimal(16,2) NOT NULL DEFAULT 0.00,
  `tax_percent` decimal(16,2) NOT NULL DEFAULT 0.00,
  `discount_amount` decimal(16,2) NOT NULL DEFAULT 0.00,
  `discount_percent` decimal(16,2) NOT NULL DEFAULT 0.00,
  `sub_total` decimal(16,2) NOT NULL DEFAULT 0.00,
  `name` varchar(255) COLLATE utf8mb4_unicode_ci NOT NULL,
  `weight` varchar(255) COLLATE utf8mb4_unicode_ci NOT NULL,
  `order_id` bigint(20) UNSIGNED DEFAULT NULL,
  `product_id` bigint(20) UNSIGNED DEFAULT NULL,
  `created_at` timestamp NULL DEFAULT NULL,
  `updated_at` timestamp NULL DEFAULT NULL
) ENGINE=InnoDB DEFAULT CHARSET=utf8mb4 COLLATE=utf8mb4_unicode_ci;

-- --------------------------------------------------------

--
-- Struktur dari tabel `password_resets`
--

CREATE TABLE `password_resets` (
  `email` varchar(255) COLLATE utf8mb4_unicode_ci NOT NULL,
  `token` varchar(255) COLLATE utf8mb4_unicode_ci NOT NULL,
  `created_at` timestamp NULL DEFAULT NULL
) ENGINE=InnoDB DEFAULT CHARSET=utf8mb4 COLLATE=utf8mb4_unicode_ci;

-- --------------------------------------------------------

--
-- Struktur dari tabel `payments`
--

CREATE TABLE `payments` (
  `id` bigint(20) UNSIGNED NOT NULL,
  `order_id` bigint(20) UNSIGNED NOT NULL,
  `number` varchar(255) COLLATE utf8mb4_unicode_ci NOT NULL,
  `amount` decimal(16,2) NOT NULL DEFAULT 0.00,
  `method` varchar(255) COLLATE utf8mb4_unicode_ci NOT NULL,
  `status` varchar(255) COLLATE utf8mb4_unicode_ci DEFAULT NULL,
  `token` varchar(255) COLLATE utf8mb4_unicode_ci DEFAULT NULL,
  `payloads` longtext CHARACTER SET utf8mb4 COLLATE utf8mb4_bin DEFAULT NULL CHECK (json_valid(`payloads`)),
  `payment_type` varchar(255) COLLATE utf8mb4_unicode_ci DEFAULT NULL,
  `va_number` varchar(255) COLLATE utf8mb4_unicode_ci DEFAULT NULL,
  `vendor_name` varchar(255) COLLATE utf8mb4_unicode_ci DEFAULT NULL,
  `biller_code` varchar(255) COLLATE utf8mb4_unicode_ci DEFAULT NULL,
  `bill_key` varchar(255) COLLATE utf8mb4_unicode_ci DEFAULT NULL,
  `deleted_at` timestamp NULL DEFAULT NULL,
  `created_at` timestamp NULL DEFAULT NULL,
  `updated_at` timestamp NULL DEFAULT NULL
) ENGINE=InnoDB DEFAULT CHARSET=utf8mb4 COLLATE=utf8mb4_unicode_ci;

-- --------------------------------------------------------

--
-- Struktur dari tabel `personal_access_tokens`
--

CREATE TABLE `personal_access_tokens` (
  `id` bigint(20) UNSIGNED NOT NULL,
  `tokenable_type` varchar(255) COLLATE utf8mb4_unicode_ci NOT NULL,
  `tokenable_id` bigint(20) UNSIGNED NOT NULL,
  `name` varchar(255) COLLATE utf8mb4_unicode_ci NOT NULL,
  `token` varchar(64) COLLATE utf8mb4_unicode_ci NOT NULL,
  `abilities` text COLLATE utf8mb4_unicode_ci DEFAULT NULL,
  `last_used_at` timestamp NULL DEFAULT NULL,
  `created_at` timestamp NULL DEFAULT NULL,
  `updated_at` timestamp NULL DEFAULT NULL
) ENGINE=InnoDB DEFAULT CHARSET=utf8mb4 COLLATE=utf8mb4_unicode_ci;

-- --------------------------------------------------------

--
-- Struktur dari tabel `products`
--

CREATE TABLE `products` (
  `id` bigint(20) UNSIGNED NOT NULL,
  `name` varchar(255) COLLATE utf8mb4_unicode_ci NOT NULL,
  `slug` varchar(255) COLLATE utf8mb4_unicode_ci NOT NULL,
  `price` int(11) NOT NULL,
  `quantity` int(11) NOT NULL,
  `description` text COLLATE utf8mb4_unicode_ci NOT NULL,
  `details` text COLLATE utf8mb4_unicode_ci NOT NULL,
  `weight` decimal(8,2) NOT NULL,
  `category_id` bigint(20) UNSIGNED NOT NULL,
  `created_at` timestamp NULL DEFAULT NULL,
  `updated_at` timestamp NULL DEFAULT NULL
) ENGINE=InnoDB DEFAULT CHARSET=utf8mb4 COLLATE=utf8mb4_unicode_ci;

--
-- Dumping data untuk tabel `products`
--

INSERT INTO `products` (`id`, `name`, `slug`, `price`, `quantity`, `description`, `details`, `weight`, `category_id`, `created_at`, `updated_at`) VALUES
(2, 'Big Smoke', 'big-smoke', 11, 10, 'eeee', 'ee', '10.00', 3, '2022-12-14 04:59:25', '2022-12-14 04:59:25'),
(4, 'Grape', 'grape', 11, 5, 'Yakiniku', 'Our Recomended', '20.00', 3, '2022-12-14 10:33:49', '2022-12-14 11:24:55'),
(5, 'Fresh Meat', 'fresh-meat', 9, 5, 'Gyoza', 'Our Recomended', '20.00', 3, '2022-12-14 10:34:18', '2022-12-14 11:25:28'),
(8, 'Guava', 'guava', 9, 10, 'Guava', 'Our Recomended', '20.00', 3, '2022-12-14 10:35:56', '2022-12-14 11:27:14'),
(9, 'Banana', 'banana', 25, 10, 'Banana', 'Our Recomended', '50.00', 3, '2022-12-14 10:36:48', '2022-12-14 11:27:39'),
(12, 'Mango', 'mango', 3, 10, 'Mango', 'Recomended', '3.00', 3, '2022-12-14 11:28:35', '2022-12-14 11:28:35'),
(13, 'Hape', 'hape', 20, 22, 'xxx', 'xxxx', '50.00', 9, '2022-12-15 02:16:31', '2022-12-15 02:16:31');

-- --------------------------------------------------------

--
-- Struktur dari tabel `product_tag`
--

CREATE TABLE `product_tag` (
  `id` bigint(20) UNSIGNED NOT NULL,
  `product_id` bigint(20) UNSIGNED NOT NULL,
  `tag_id` bigint(20) UNSIGNED NOT NULL,
  `created_at` timestamp NULL DEFAULT NULL,
  `updated_at` timestamp NULL DEFAULT NULL
) ENGINE=InnoDB DEFAULT CHARSET=utf8mb4 COLLATE=utf8mb4_unicode_ci;

--
-- Dumping data untuk tabel `product_tag`
--

INSERT INTO `product_tag` (`id`, `product_id`, `tag_id`, `created_at`, `updated_at`) VALUES
(2, 2, 2, NULL, NULL),
(4, 4, 2, NULL, NULL),
(5, 5, 2, NULL, NULL),
(9, 9, 2, NULL, NULL),
(13, 8, 2, NULL, NULL),
(14, 12, 2, NULL, NULL),
(15, 13, 5, NULL, NULL);

-- --------------------------------------------------------

--
-- Struktur dari tabel `shipments`
--

CREATE TABLE `shipments` (
  `id` bigint(20) UNSIGNED NOT NULL,
  `user_id` bigint(20) UNSIGNED DEFAULT NULL,
  `order_id` bigint(20) UNSIGNED DEFAULT NULL,
  `track_number` varchar(255) COLLATE utf8mb4_unicode_ci DEFAULT NULL,
  `status` varchar(255) COLLATE utf8mb4_unicode_ci NOT NULL,
  `total_qty` int(11) NOT NULL,
  `total_weight` int(11) NOT NULL,
  `first_name` varchar(255) COLLATE utf8mb4_unicode_ci NOT NULL,
  `address1` varchar(255) COLLATE utf8mb4_unicode_ci DEFAULT NULL,
  `address2` varchar(255) COLLATE utf8mb4_unicode_ci DEFAULT NULL,
  `phone` varchar(255) COLLATE utf8mb4_unicode_ci DEFAULT NULL,
  `email` varchar(255) COLLATE utf8mb4_unicode_ci DEFAULT NULL,
  `city_id` varchar(255) COLLATE utf8mb4_unicode_ci DEFAULT NULL,
  `province_id` varchar(255) COLLATE utf8mb4_unicode_ci DEFAULT NULL,
  `postcode` int(11) DEFAULT NULL,
  `shipped_at` datetime DEFAULT NULL,
  `shipped_by` bigint(20) UNSIGNED DEFAULT NULL,
  `deleted_at` timestamp NULL DEFAULT NULL,
  `created_at` timestamp NULL DEFAULT NULL,
  `updated_at` timestamp NULL DEFAULT NULL
) ENGINE=InnoDB DEFAULT CHARSET=utf8mb4 COLLATE=utf8mb4_unicode_ci;

-- --------------------------------------------------------

--
-- Struktur dari tabel `tags`
--

CREATE TABLE `tags` (
  `id` bigint(20) UNSIGNED NOT NULL,
  `name` varchar(255) COLLATE utf8mb4_unicode_ci NOT NULL,
  `slug` varchar(255) COLLATE utf8mb4_unicode_ci NOT NULL,
  `created_at` timestamp NULL DEFAULT NULL,
  `updated_at` timestamp NULL DEFAULT NULL
) ENGINE=InnoDB DEFAULT CHARSET=utf8mb4 COLLATE=utf8mb4_unicode_ci;

--
-- Dumping data untuk tabel `tags`
--

INSERT INTO `tags` (`id`, `name`, `slug`, `created_at`, `updated_at`) VALUES
(2, 'Food', 'food', '2022-12-14 04:52:07', '2022-12-14 04:58:38'),
(3, 'Drink', 'drink', '2022-12-14 04:58:57', '2022-12-14 04:58:57'),
(5, 'Random', 'random', '2022-12-15 02:15:40', '2022-12-15 02:15:40');

-- --------------------------------------------------------

--
-- Struktur dari tabel `users`
--

CREATE TABLE `users` (
  `id` bigint(20) UNSIGNED NOT NULL,
  `username` varchar(255) COLLATE utf8mb4_unicode_ci NOT NULL,
  `email` varchar(255) COLLATE utf8mb4_unicode_ci NOT NULL,
  `email_verified_at` timestamp NULL DEFAULT NULL,
  `password` varchar(255) COLLATE utf8mb4_unicode_ci NOT NULL,
  `is_admin` tinyint(1) NOT NULL DEFAULT 0,
  `address` text COLLATE utf8mb4_unicode_ci DEFAULT NULL,
  `address2` text COLLATE utf8mb4_unicode_ci DEFAULT NULL,
  `province_id` varchar(255) COLLATE utf8mb4_unicode_ci DEFAULT NULL,
  `city_id` varchar(255) COLLATE utf8mb4_unicode_ci DEFAULT NULL,
  `postcode` varchar(255) COLLATE utf8mb4_unicode_ci DEFAULT NULL,
  `phone` varchar(255) COLLATE utf8mb4_unicode_ci DEFAULT NULL,
  `remember_token` varchar(100) COLLATE utf8mb4_unicode_ci DEFAULT NULL,
  `created_at` timestamp NULL DEFAULT NULL,
  `updated_at` timestamp NULL DEFAULT NULL
) ENGINE=InnoDB DEFAULT CHARSET=utf8mb4 COLLATE=utf8mb4_unicode_ci;

--
-- Dumping data untuk tabel `users`
--

INSERT INTO `users` (`id`, `username`, `email`, `email_verified_at`, `password`, `is_admin`, `address`, `address2`, `province_id`, `city_id`, `postcode`, `phone`, `remember_token`, `created_at`, `updated_at`) VALUES
(1, 'admin', 'admin@example.com', NULL, '$2y$10$jPzcrlgholZaCcRYogXgluCE7CIZdPcNEVrQ.U6dt8KNxQKeRX3Nm', 1, NULL, NULL, NULL, NULL, NULL, NULL, NULL, NULL, NULL),
(2, 'user', 'user@gmail.com', NULL, '$2y$10$uhG.e44shhRlZvygWdMLgu8yh7RtzIJ0f0wu9taKtSWLNvjNL399a', 0, NULL, NULL, NULL, NULL, NULL, NULL, NULL, '2022-12-14 04:26:15', '2022-12-14 04:26:15');

--
-- Indexes for dumped tables
--

--
-- Indeks untuk tabel `categories`
--
ALTER TABLE `categories`
  ADD PRIMARY KEY (`id`),
  ADD UNIQUE KEY `categories_slug_unique` (`slug`),
  ADD KEY `categories_category_id_foreign` (`category_id`);

--
-- Indeks untuk tabel `failed_jobs`
--
ALTER TABLE `failed_jobs`
  ADD PRIMARY KEY (`id`),
  ADD UNIQUE KEY `failed_jobs_uuid_unique` (`uuid`);

--
-- Indeks untuk tabel `media`
--
ALTER TABLE `media`
  ADD PRIMARY KEY (`id`),
  ADD UNIQUE KEY `media_uuid_unique` (`uuid`),
  ADD KEY `media_model_type_model_id_index` (`model_type`,`model_id`),
  ADD KEY `media_order_column_index` (`order_column`);

--
-- Indeks untuk tabel `migrations`
--
ALTER TABLE `migrations`
  ADD PRIMARY KEY (`id`);

--
-- Indeks untuk tabel `orders`
--
ALTER TABLE `orders`
  ADD PRIMARY KEY (`id`),
  ADD UNIQUE KEY `orders_code_unique` (`code`),
  ADD KEY `orders_user_id_foreign` (`user_id`),
  ADD KEY `orders_approved_by_foreign` (`approved_by`),
  ADD KEY `orders_cancelled_by_foreign` (`cancelled_by`),
  ADD KEY `orders_payment_token_index` (`payment_token`),
  ADD KEY `orders_code_index` (`code`),
  ADD KEY `orders_code_order_date_index` (`code`,`order_date`);

--
-- Indeks untuk tabel `order_items`
--
ALTER TABLE `order_items`
  ADD PRIMARY KEY (`id`),
  ADD KEY `order_items_order_id_foreign` (`order_id`),
  ADD KEY `order_items_product_id_foreign` (`product_id`),
  ADD KEY `order_items_name_index` (`name`);

--
-- Indeks untuk tabel `password_resets`
--
ALTER TABLE `password_resets`
  ADD KEY `password_resets_email_index` (`email`);

--
-- Indeks untuk tabel `payments`
--
ALTER TABLE `payments`
  ADD PRIMARY KEY (`id`),
  ADD UNIQUE KEY `payments_number_unique` (`number`),
  ADD KEY `payments_order_id_foreign` (`order_id`),
  ADD KEY `payments_number_index` (`number`),
  ADD KEY `payments_method_index` (`method`),
  ADD KEY `payments_token_index` (`token`),
  ADD KEY `payments_payment_type_index` (`payment_type`);

--
-- Indeks untuk tabel `personal_access_tokens`
--
ALTER TABLE `personal_access_tokens`
  ADD PRIMARY KEY (`id`),
  ADD UNIQUE KEY `personal_access_tokens_token_unique` (`token`),
  ADD KEY `personal_access_tokens_tokenable_type_tokenable_id_index` (`tokenable_type`,`tokenable_id`);

--
-- Indeks untuk tabel `products`
--
ALTER TABLE `products`
  ADD PRIMARY KEY (`id`),
  ADD UNIQUE KEY `products_slug_unique` (`slug`),
  ADD KEY `products_category_id_foreign` (`category_id`);

--
-- Indeks untuk tabel `product_tag`
--
ALTER TABLE `product_tag`
  ADD PRIMARY KEY (`id`),
  ADD KEY `product_tag_product_id_foreign` (`product_id`),
  ADD KEY `product_tag_tag_id_foreign` (`tag_id`);

--
-- Indeks untuk tabel `shipments`
--
ALTER TABLE `shipments`
  ADD PRIMARY KEY (`id`),
  ADD KEY `shipments_user_id_foreign` (`user_id`),
  ADD KEY `shipments_order_id_foreign` (`order_id`),
  ADD KEY `shipments_shipped_by_foreign` (`shipped_by`),
  ADD KEY `shipments_track_number_index` (`track_number`);

--
-- Indeks untuk tabel `tags`
--
ALTER TABLE `tags`
  ADD PRIMARY KEY (`id`),
  ADD UNIQUE KEY `tags_name_unique` (`name`),
  ADD UNIQUE KEY `tags_slug_unique` (`slug`);

--
-- Indeks untuk tabel `users`
--
ALTER TABLE `users`
  ADD PRIMARY KEY (`id`),
  ADD UNIQUE KEY `users_email_unique` (`email`);

--
-- AUTO_INCREMENT untuk tabel yang dibuang
--

--
-- AUTO_INCREMENT untuk tabel `categories`
--
ALTER TABLE `categories`
  MODIFY `id` bigint(20) UNSIGNED NOT NULL AUTO_INCREMENT, AUTO_INCREMENT=10;

--
-- AUTO_INCREMENT untuk tabel `failed_jobs`
--
ALTER TABLE `failed_jobs`
  MODIFY `id` bigint(20) UNSIGNED NOT NULL AUTO_INCREMENT;

--
-- AUTO_INCREMENT untuk tabel `media`
--
ALTER TABLE `media`
  MODIFY `id` bigint(20) UNSIGNED NOT NULL AUTO_INCREMENT, AUTO_INCREMENT=45;

--
-- AUTO_INCREMENT untuk tabel `migrations`
--
ALTER TABLE `migrations`
  MODIFY `id` int(10) UNSIGNED NOT NULL AUTO_INCREMENT, AUTO_INCREMENT=14;

--
-- AUTO_INCREMENT untuk tabel `orders`
--
ALTER TABLE `orders`
  MODIFY `id` bigint(20) UNSIGNED NOT NULL AUTO_INCREMENT;

--
-- AUTO_INCREMENT untuk tabel `order_items`
--
ALTER TABLE `order_items`
  MODIFY `id` bigint(20) UNSIGNED NOT NULL AUTO_INCREMENT;

--
-- AUTO_INCREMENT untuk tabel `payments`
--
ALTER TABLE `payments`
  MODIFY `id` bigint(20) UNSIGNED NOT NULL AUTO_INCREMENT;

--
-- AUTO_INCREMENT untuk tabel `personal_access_tokens`
--
ALTER TABLE `personal_access_tokens`
  MODIFY `id` bigint(20) UNSIGNED NOT NULL AUTO_INCREMENT;

--
-- AUTO_INCREMENT untuk tabel `products`
--
ALTER TABLE `products`
  MODIFY `id` bigint(20) UNSIGNED NOT NULL AUTO_INCREMENT, AUTO_INCREMENT=14;

--
-- AUTO_INCREMENT untuk tabel `product_tag`
--
ALTER TABLE `product_tag`
  MODIFY `id` bigint(20) UNSIGNED NOT NULL AUTO_INCREMENT, AUTO_INCREMENT=16;

--
-- AUTO_INCREMENT untuk tabel `shipments`
--
ALTER TABLE `shipments`
  MODIFY `id` bigint(20) UNSIGNED NOT NULL AUTO_INCREMENT;

--
-- AUTO_INCREMENT untuk tabel `tags`
--
ALTER TABLE `tags`
  MODIFY `id` bigint(20) UNSIGNED NOT NULL AUTO_INCREMENT, AUTO_INCREMENT=6;

--
-- AUTO_INCREMENT untuk tabel `users`
--
ALTER TABLE `users`
  MODIFY `id` bigint(20) UNSIGNED NOT NULL AUTO_INCREMENT, AUTO_INCREMENT=3;

--
-- Ketidakleluasaan untuk tabel pelimpahan (Dumped Tables)
--

--
-- Ketidakleluasaan untuk tabel `categories`
--
ALTER TABLE `categories`
  ADD CONSTRAINT `categories_category_id_foreign` FOREIGN KEY (`category_id`) REFERENCES `categories` (`id`) ON DELETE CASCADE;

--
-- Ketidakleluasaan untuk tabel `orders`
--
ALTER TABLE `orders`
  ADD CONSTRAINT `orders_approved_by_foreign` FOREIGN KEY (`approved_by`) REFERENCES `users` (`id`),
  ADD CONSTRAINT `orders_cancelled_by_foreign` FOREIGN KEY (`cancelled_by`) REFERENCES `users` (`id`),
  ADD CONSTRAINT `orders_user_id_foreign` FOREIGN KEY (`user_id`) REFERENCES `users` (`id`);

--
-- Ketidakleluasaan untuk tabel `order_items`
--
ALTER TABLE `order_items`
  ADD CONSTRAINT `order_items_order_id_foreign` FOREIGN KEY (`order_id`) REFERENCES `orders` (`id`) ON DELETE CASCADE,
  ADD CONSTRAINT `order_items_product_id_foreign` FOREIGN KEY (`product_id`) REFERENCES `products` (`id`) ON UPDATE CASCADE;

--
-- Ketidakleluasaan untuk tabel `payments`
--
ALTER TABLE `payments`
  ADD CONSTRAINT `payments_order_id_foreign` FOREIGN KEY (`order_id`) REFERENCES `orders` (`id`);

--
-- Ketidakleluasaan untuk tabel `products`
--
ALTER TABLE `products`
  ADD CONSTRAINT `products_category_id_foreign` FOREIGN KEY (`category_id`) REFERENCES `categories` (`id`) ON DELETE CASCADE;

--
-- Ketidakleluasaan untuk tabel `product_tag`
--
ALTER TABLE `product_tag`
  ADD CONSTRAINT `product_tag_product_id_foreign` FOREIGN KEY (`product_id`) REFERENCES `products` (`id`) ON DELETE CASCADE,
  ADD CONSTRAINT `product_tag_tag_id_foreign` FOREIGN KEY (`tag_id`) REFERENCES `tags` (`id`) ON DELETE CASCADE;

--
-- Ketidakleluasaan untuk tabel `shipments`
--
ALTER TABLE `shipments`
  ADD CONSTRAINT `shipments_order_id_foreign` FOREIGN KEY (`order_id`) REFERENCES `orders` (`id`),
  ADD CONSTRAINT `shipments_shipped_by_foreign` FOREIGN KEY (`shipped_by`) REFERENCES `users` (`id`),
  ADD CONSTRAINT `shipments_user_id_foreign` FOREIGN KEY (`user_id`) REFERENCES `users` (`id`);
COMMIT;

/*!40101 SET CHARACTER_SET_CLIENT=@OLD_CHARACTER_SET_CLIENT */;
/*!40101 SET CHARACTER_SET_RESULTS=@OLD_CHARACTER_SET_RESULTS */;
/*!40101 SET COLLATION_CONNECTION=@OLD_COLLATION_CONNECTION */;
